﻿<?xml version="1.0" encoding="UTF-8" ?>
<root>
	<character>
		<Name>R2-D2</Name>
		<Height>96</Height>
		<Mass>32</Mass>
		<hair_color>NA</hair_color>
		<skin_color>white, blue</skin_color>
		<eye_color>red</eye_color>
		<birth_year>330</birth_year>
		<Gender>NA</Gender>
		<Homeworld>Naboo</Homeworld>
		<Specie>Droid</Specie>
	</character>
	<character>
		<Name>Darth Vader</Name>
		<Height>202</Height>
		<Mass>136</Mass>
		<hair_color>none</hair_color>
		<skin_color>white</skin_color>
		<eye_color>yellow</eye_color>
		<birth_year>41</birth_year>
		<Gender>male</Gender>
		<Homeworld>Tatooine</Homeworld>
		<Specie>Human</Specie>
	</character>
	<character>
		<Name>Luke Skywalker</Name>
		<Height>172</Height>
		<Mass>77</Mass>
		<Hair_color>blond</Hair_color>
		<Skin_color>fair</Skin_color>
		<Eye_color>blue</Eye_color>
		<Birth_year>19</Birth_year>
		<Gender>male</Gender>
		<Homeworld>Tatooine</Homeworld>
		<Species>Human</Species>
	</character>
	<character>
		<Name>Leia Organa</Name>
		<Height>150</Height>
		<Mass>49</Mass>
		<hair_color>brown</hair_color>
		<skin_color>light</skin_color>
		<eye_color>brown</eye_color>
		<birth_year>190</birth_year>
		<Gender>female</Gender>
		<Homeworld>Alderaan</Homeworld>
		<Specie>Human</Specie>
	</character>
	<character>
		<Name>Owen Lars</Name>
		<Height>178</Height>
		<Mass>120</Mass>
		<hair_color>brown, grey</hair_color>
		<skin_color>light</skin_color>
		<eye_color>blue</eye_color>
		<birth_year>520</birth_year>
		<Gender>male</Gender>
		<Homeworld>Tatooine</Homeworld>
		<Specie>Human</Specie>
	</character>
	<character>
		<Name>Beru Whitesun lars</Name>
		<Height>165</Height>
		<Mass>75</Mass>
		<hair_color>brown</hair_color>
		<skin_color>light</skin_color>
		<eye_color>blue</eye_color>
		<birth_year>470</birth_year>
		<Gender>female</Gender>
		<Homeworld>Tatooine</Homeworld>
		<Specie>Human</Specie>
	</character>
	<character>
		<Name>R5-D4</Name>
		<Height>97</Height>
		<Mass>32</Mass>
		<hair_color>NA</hair_color>
		<skin_color>white, red</skin_color>
		<eye_color>red</eye_color>
		<birth_year>NA</birth_year>
		<Gender>NA</Gender>
		<Homeworld>Tatooine</Homeworld>
		<Specie>Droid</Specie>
	</character>
	<character>
		<Name>Biggs Darklighter</Name>
		<Height>183</Height>
		<Mass>84</Mass>
		<hair_color>black</hair_color>
		<skin_color>light</skin_color>
		<eye_color>brown</eye_color>
		<birth_year>240</birth_year>
		<Gender>male</Gender>
		<Homeworld>Tatooine</Homeworld>
		<Specie>Human</Specie>
	</character>
	<character>
		<Name>Obi-Wan Kenobi</Name>
		<Height>182</Height>
		<Mass>77</Mass>
		<hair_color>auburn, white</hair_color>
		<skin_color>fair</skin_color>
		<eye_color>blue-gray</eye_color>
		<birth_year>570</birth_year>
		<Gender>male</Gender>
		<Homeworld>Stewjon</Homeworld>
		<Specie>Human</Specie>
	</character>
	<character>
		<Name>Anakin Skywalker</Name>
		<Height>188</Height>
		<Mass>84</Mass>
		<hair_color>blond</hair_color>
		<skin_color>fair</skin_color>
		<eye_color>blue</eye_color>
		<birth_year>42</birth_year>
		<Gender>male</Gender>
		<Homeworld>Tatooine</Homeworld>
		<Specie>Human</Specie>
	</character>
	<character>
		<Name>Wilhuff Tarkin</Name>
		<Height>180</Height>
		<Mass>NA</Mass>
		<hair_color>auburn, grey</hair_color>
		<skin_color>fair</skin_color>
		<eye_color>blue</eye_color>
		<birth_year>640</birth_year>
		<Gender>male</Gender>
		<Homeworld>Eriadu</Homeworld>
		<Specie>Human</Specie>
	</character>
	<character>
		<Name>Chewbacca</Name>
		<Height>228</Height>
		<Mass>112</Mass>
		<hair_color>brown</hair_color>
		<skin_color>NA</skin_color>
		<eye_color>blue</eye_color>
		<birth_year>2000</birth_year>
		<Gender>male</Gender>
		<Homeworld>Kashyyyk</Homeworld>
		<Specie>Wookiee</Specie>
	</character>
	<character>
		<Name>Han Solo</Name>
		<Height>180</Height>
		<Mass>80</Mass>
		<hair_color>brown</hair_color>
		<skin_color>fair</skin_color>
		<eye_color>brown</eye_color>
		<birth_year>290</birth_year>
		<Gender>male</Gender>
		<Homeworld>Corellia</Homeworld>
		<Specie>Human</Specie>
	</character>
	<character>
		<Name>Greedo</Name>
		<Height>173</Height>
		<Mass>74</Mass>
		<hair_color>NA</hair_color>
		<skin_color>green</skin_color>
		<eye_color>black</eye_color>
		<birth_year>440</birth_year>
		<Gender>male</Gender>
		<Homeworld>Rodia</Homeworld>
		<Specie>Rodian</Specie>
	</character>
	<character>
		<Name>Jabba Desilijic Tiure</Name>
		<Height>175</Height>
		<Mass>1358</Mass>
		<hair_color>NA</hair_color>
		<skin_color>green-tan, brown</skin_color>
		<eye_color>orange</eye_color>
		<birth_year>6000</birth_year>
		<Gender>hermaphrodite</Gender>
		<Homeworld>Nal Hutta</Homeworld>
		<Specie>Hutt</Specie>
	</character>
	<character>
		<Name>Wedge Antilles</Name>
		<Height>170</Height>
		<Mass>77</Mass>
		<hair_color>brown</hair_color>
		<skin_color>fair</skin_color>
		<eye_color>hazel</eye_color>
		<birth_year>210</birth_year>
		<Gender>male</Gender>
		<Homeworld>Corellia</Homeworld>
		<Specie>Human</Specie>
	</character>
	<character>
		<Name>Jek Tono Porkins</Name>
		<Height>180</Height>
		<Mass>110</Mass>
		<hair_color>brown</hair_color>
		<skin_color>fair</skin_color>
		<eye_color>blue</eye_color>
		<birth_year>NA</birth_year>
		<Gender>male</Gender>
		<Homeworld>Bestine IV</Homeworld>
		<Specie>Human</Specie>
	</character>
	<character>
		<Name>Yoda</Name>
		<Height>66</Height>
		<Mass>17</Mass>
		<hair_color>white</hair_color>
		<skin_color>green</skin_color>
		<eye_color>brown</eye_color>
		<birth_year>8960</birth_year>
		<Gender>male</Gender>
		<Homeworld>NA</Homeworld>
		<Specie>Yoda's Specie</Specie>
	</character>
	<character>
		<Name>Palpatine</Name>
		<Height>170</Height>
		<Mass>75</Mass>
		<hair_color>grey</hair_color>
		<skin_color>pale</skin_color>
		<eye_color>yellow</eye_color>
		<birth_year>820</birth_year>
		<Gender>male</Gender>
		<Homeworld>Naboo</Homeworld>
		<Specie>Human</Specie>
	</character>
	<character>
		<Name>Boba Fett</Name>
		<Height>183</Height>
		<Mass>78</Mass>
		<hair_color>black</hair_color>
		<skin_color>fair</skin_color>
		<eye_color>brown</eye_color>
		<birth_year>31</birth_year>
		<Gender>male</Gender>
		<Homeworld>Kamino</Homeworld>
		<Specie>Human</Specie>
	</character>
	<character>
		<Name>IG-88</Name>
		<Height>200</Height>
		<Mass>140</Mass>
		<hair_color>none</hair_color>
		<skin_color>metal</skin_color>
		<eye_color>red</eye_color>
		<birth_year>150</birth_year>
		<Gender>none</Gender>
		<Homeworld>NA</Homeworld>
		<Specie>Droid</Specie>
	</character>
	<character>
		<Name>Bossk</Name>
		<Height>190</Height>
		<Mass>113</Mass>
		<hair_color>none</hair_color>
		<skin_color>green</skin_color>
		<eye_color>red</eye_color>
		<birth_year>530</birth_year>
		<Gender>male</Gender>
		<Homeworld>Trandosha</Homeworld>
		<Specie>Trandoshan</Specie>
	</character>
	<character>
		<Name>Lando Calrissian</Name>
		<Height>177</Height>
		<Mass>79</Mass>
		<hair_color>black</hair_color>
		<skin_color>dark</skin_color>
		<eye_color>brown</eye_color>
		<birth_year>310</birth_year>
		<Gender>male</Gender>
		<Homeworld>Socorro</Homeworld>
		<Specie>Human</Specie>
	</character>
	<character>
		<Name>Lobot</Name>
		<Height>175</Height>
		<Mass>79</Mass>
		<hair_color>none</hair_color>
		<skin_color>light</skin_color>
		<eye_color>blue</eye_color>
		<birth_year>370</birth_year>
		<Gender>male</Gender>
		<Homeworld>Bespin</Homeworld>
		<Specie>Human</Specie>
	</character>
	<character>
		<Name>Ackbar</Name>
		<Height>180</Height>
		<Mass>83</Mass>
		<hair_color>none</hair_color>
		<skin_color>brown mottle</skin_color>
		<eye_color>orange</eye_color>
		<birth_year>410</birth_year>
		<Gender>male</Gender>
		<Homeworld>Mon Cala</Homeworld>
		<Specie>Mon Calamari</Specie>
	</character>
	<character>
		<Name>Mon Mothma</Name>
		<Height>150</Height>
		<Mass>NA</Mass>
		<hair_color>auburn</hair_color>
		<skin_color>fair</skin_color>
		<eye_color>blue</eye_color>
		<birth_year>480</birth_year>
		<Gender>female</Gender>
		<Homeworld>Chandrila</Homeworld>
		<Specie>Human</Specie>
	</character>
	<character>
		<Name>Arvel Crynyd</Name>
		<Height>NA</Height>
		<Mass>NA</Mass>
		<hair_color>brown</hair_color>
		<skin_color>fair</skin_color>
		<eye_color>brown</eye_color>
		<birth_year>NA</birth_year>
		<Gender>male</Gender>
		<Homeworld>NA</Homeworld>
		<Specie>Human</Specie>
	</character>
	<character>
		<Name>Wicket Systri Warrick</Name>
		<Height>88</Height>
		<Mass>20</Mass>
		<hair_color>brown</hair_color>
		<skin_color>brown</skin_color>
		<eye_color>brown</eye_color>
		<birth_year>80</birth_year>
		<Gender>male</Gender>
		<Homeworld>Endor</Homeworld>
		<Specie>Ewok</Specie>
	</character>
	<character>
		<Name>Nien Nunb</Name>
		<Height>160</Height>
		<Mass>68</Mass>
		<hair_color>none</hair_color>
		<skin_color>grey</skin_color>
		<eye_color>black</eye_color>
		<birth_year>NA</birth_year>
		<Gender>male</Gender>
		<Homeworld>Sullust</Homeworld>
		<Specie>Sullustan</Specie>
	</character>
	<character>
		<Name>Qui-Gon Jinn</Name>
		<Height>193</Height>
		<Mass>89</Mass>
		<hair_color>brown</hair_color>
		<skin_color>fair</skin_color>
		<eye_color>blue</eye_color>
		<birth_year>920</birth_year>
		<Gender>male</Gender>
		<Homeworld>NA</Homeworld>
		<Specie>Human</Specie>
	</character>
	<character>
		<Name>Nute Gunray</Name>
		<Height>191</Height>
		<Mass>90</Mass>
		<hair_color>none</hair_color>
		<skin_color>mottled green</skin_color>
		<eye_color>red</eye_color>
		<birth_year>NA</birth_year>
		<Gender>male</Gender>
		<Homeworld>Cato Neimoidia</Homeworld>
		<Specie>Neimodian</Specie>
	</character>
	<character>
		<Name>Finis Valorum</Name>
		<Height>170</Height>
		<Mass>NA</Mass>
		<hair_color>blond</hair_color>
		<skin_color>fair</skin_color>
		<eye_color>blue</eye_color>
		<birth_year>910</birth_year>
		<Gender>male</Gender>
		<Homeworld>Coruscant</Homeworld>
		<Specie>Human</Specie>
	</character>
	<character>
		<Name>Jar Jar Binks</Name>
		<Height>196</Height>
		<Mass>66</Mass>
		<hair_color>none</hair_color>
		<skin_color>orange</skin_color>
		<eye_color>orange</eye_color>
		<birth_year>520</birth_year>
		<Gender>male</Gender>
		<Homeworld>Naboo</Homeworld>
		<Specie>Gungan</Specie>
	</character>
	<character>
		<Name>Roos Tarpals</Name>
		<Height>224</Height>
		<Mass>82</Mass>
		<hair_color>none</hair_color>
		<skin_color>grey</skin_color>
		<eye_color>orange</eye_color>
		<birth_year>NA</birth_year>
		<Gender>male</Gender>
		<Homeworld>Naboo</Homeworld>
		<Specie>Gungan</Specie>
	</character>
	<character>
		<Name>Rugor Nass</Name>
		<Height>206</Height>
		<Mass>NA</Mass>
		<hair_color>none</hair_color>
		<skin_color>green</skin_color>
		<eye_color>orange</eye_color>
		<birth_year>NA</birth_year>
		<Gender>male</Gender>
		<Homeworld>Naboo</Homeworld>
		<Specie>Gungan</Specie>
	</character>
	<character>
		<Name>Ric Olié</Name>
		<Height>183</Height>
		<Mass>NA</Mass>
		<hair_color>brown</hair_color>
		<skin_color>fair</skin_color>
		<eye_color>blue</eye_color>
		<birth_year>NA</birth_year>
		<Gender>male</Gender>
		<Homeworld>Naboo</Homeworld>
		<Specie>NA</Specie>
	</character>
	<character>
		<Name>Watto</Name>
		<Height>137</Height>
		<Mass>NA</Mass>
		<hair_color>black</hair_color>
		<skin_color>blue, grey</skin_color>
		<eye_color>yellow</eye_color>
		<birth_year>NA</birth_year>
		<Gender>male</Gender>
		<Homeworld>Toydaria</Homeworld>
		<Specie>Toydarian</Specie>
	</character>
	<character>
		<Name>Sebulba</Name>
		<Height>112</Height>
		<Mass>40</Mass>
		<hair_color>none</hair_color>
		<skin_color>grey, red</skin_color>
		<eye_color>orange</eye_color>
		<birth_year>NA</birth_year>
		<Gender>male</Gender>
		<Homeworld>Malastare</Homeworld>
		<Specie>Dug</Specie>
	</character>
	<character>
		<Name>Quarsh Panaka</Name>
		<Height>183</Height>
		<Mass>NA</Mass>
		<hair_color>black</hair_color>
		<skin_color>dark</skin_color>
		<eye_color>brown</eye_color>
		<birth_year>620</birth_year>
		<Gender>male</Gender>
		<Homeworld>Naboo</Homeworld>
		<Specie>NA</Specie>
	</character>
	<character>
		<Name>Shmi Skywalker</Name>
		<Height>163</Height>
		<Mass>NA</Mass>
		<hair_color>black</hair_color>
		<skin_color>fair</skin_color>
		<eye_color>brown</eye_color>
		<birth_year>720</birth_year>
		<Gender>female</Gender>
		<Homeworld>Tatooine</Homeworld>
		<Specie>Human</Specie>
	</character>
	<character>
		<Name>Darth Maul</Name>
		<Height>175</Height>
		<Mass>80</Mass>
		<hair_color>none</hair_color>
		<skin_color>red</skin_color>
		<eye_color>yellow</eye_color>
		<birth_year>540</birth_year>
		<Gender>male</Gender>
		<Homeworld>Dathomir</Homeworld>
		<Specie>Zabrak</Specie>
	</character>
	<character>
		<Name>Bib Fortuna</Name>
		<Height>180</Height>
		<Mass>NA</Mass>
		<hair_color>none</hair_color>
		<skin_color>pale</skin_color>
		<eye_color>pink</eye_color>
		<birth_year>NA</birth_year>
		<Gender>male</Gender>
		<Homeworld>Ryloth</Homeworld>
		<Specie>Twi'lek</Specie>
	</character>
	<character>
		<Name>Ayla Secura</Name>
		<Height>178</Height>
		<Mass>55</Mass>
		<hair_color>none</hair_color>
		<skin_color>blue</skin_color>
		<eye_color>hazel</eye_color>
		<birth_year>480</birth_year>
		<Gender>female</Gender>
		<Homeworld>Ryloth</Homeworld>
		<Specie>Twi'lek</Specie>
	</character>
	<character>
		<Name>Dud Bolt</Name>
		<Height>94</Height>
		<Mass>45</Mass>
		<hair_color>none</hair_color>
		<skin_color>blue, grey</skin_color>
		<eye_color>yellow</eye_color>
		<birth_year>NA</birth_year>
		<Gender>male</Gender>
		<Homeworld>Vulpter</Homeworld>
		<Specie>Vulptereen</Specie>
	</character>
	<character>
		<Name>Gasgano</Name>
		<Height>122</Height>
		<Mass>NA</Mass>
		<hair_color>none</hair_color>
		<skin_color>white, blue</skin_color>
		<eye_color>black</eye_color>
		<birth_year>NA</birth_year>
		<Gender>male</Gender>
		<Homeworld>Troiken</Homeworld>
		<Specie>Xexto</Specie>
	</character>
	<character>
		<Name>Ben Quadinaros</Name>
		<Height>163</Height>
		<Mass>65</Mass>
		<hair_color>none</hair_color>
		<skin_color>grey, green, yellow</skin_color>
		<eye_color>orange</eye_color>
		<birth_year>NA</birth_year>
		<Gender>male</Gender>
		<Homeworld>Tund</Homeworld>
		<Specie>Toong</Specie>
	</character>
	<character>
		<Name>Mace Windu</Name>
		<Height>188</Height>
		<Mass>84</Mass>
		<hair_color>none</hair_color>
		<skin_color>dark</skin_color>
		<eye_color>brown</eye_color>
		<birth_year>720</birth_year>
		<Gender>male</Gender>
		<Homeworld>Haruun Kal</Homeworld>
		<Specie>Human</Specie>
	</character>
	<character>
		<Name>Ki-Adi-Mundi</Name>
		<Height>198</Height>
		<Mass>82</Mass>
		<hair_color>white</hair_color>
		<skin_color>pale</skin_color>
		<eye_color>yellow</eye_color>
		<birth_year>920</birth_year>
		<Gender>male</Gender>
		<Homeworld>Cerea</Homeworld>
		<Specie>Cerean</Specie>
	</character>
	<character>
		<Name>Kit Fisto</Name>
		<Height>196</Height>
		<Mass>87</Mass>
		<hair_color>none</hair_color>
		<skin_color>green</skin_color>
		<eye_color>black</eye_color>
		<birth_year>NA</birth_year>
		<Gender>male</Gender>
		<Homeworld>Glee Anselm</Homeworld>
		<Specie>Nautolan</Specie>
	</character>
	<character>
		<Name>Eeth Koth</Name>
		<Height>171</Height>
		<Mass>NA</Mass>
		<hair_color>black</hair_color>
		<skin_color>brown</skin_color>
		<eye_color>brown</eye_color>
		<birth_year>NA</birth_year>
		<Gender>male</Gender>
		<Homeworld>Iridonia</Homeworld>
		<Specie>Zabrak</Specie>
	</character>
	<character>
		<Name>Adi Gallia</Name>
		<Height>184</Height>
		<Mass>50</Mass>
		<hair_color>none</hair_color>
		<skin_color>dark</skin_color>
		<eye_color>blue</eye_color>
		<birth_year>NA</birth_year>
		<Gender>female</Gender>
		<Homeworld>Coruscant</Homeworld>
		<Specie>Tholothian</Specie>
	</character>
	<character>
		<Name>Saesee Tiin</Name>
		<Height>188</Height>
		<Mass>NA</Mass>
		<hair_color>none</hair_color>
		<skin_color>pale</skin_color>
		<eye_color>orange</eye_color>
		<birth_year>NA</birth_year>
		<Gender>male</Gender>
		<Homeworld>Iktotch</Homeworld>
		<Specie>Iktotchi</Specie>
	</character>
	<character>
		<Name>Yarael Poof</Name>
		<Height>264</Height>
		<Mass>NA</Mass>
		<hair_color>none</hair_color>
		<skin_color>white</skin_color>
		<eye_color>yellow</eye_color>
		<birth_year>NA</birth_year>
		<Gender>male</Gender>
		<Homeworld>Quermia</Homeworld>
		<Specie>Quermian</Specie>
	</character>
	<character>
		<Name>Plo Koon</Name>
		<Height>188</Height>
		<Mass>80</Mass>
		<hair_color>none</hair_color>
		<skin_color>orange</skin_color>
		<eye_color>black</eye_color>
		<birth_year>220</birth_year>
		<Gender>male</Gender>
		<Homeworld>Dorin</Homeworld>
		<Specie>Kel Dor</Specie>
	</character>
	<character>
		<Name>Mas Amedda</Name>
		<Height>196</Height>
		<Mass>NA</Mass>
		<hair_color>none</hair_color>
		<skin_color>blue</skin_color>
		<eye_color>blue</eye_color>
		<birth_year>NA</birth_year>
		<Gender>male</Gender>
		<Homeworld>Champala</Homeworld>
		<Specie>Chagrian</Specie>
	</character>
	<character>
		<Name>Gregar Typho</Name>
		<Height>185</Height>
		<Mass>85</Mass>
		<hair_color>black</hair_color>
		<skin_color>dark</skin_color>
		<eye_color>brown</eye_color>
		<birth_year>NA</birth_year>
		<Gender>male</Gender>
		<Homeworld>Naboo</Homeworld>
		<Specie>Human</Specie>
	</character>
	<character>
		<Name>Cordé</Name>
		<Height>157</Height>
		<Mass>NA</Mass>
		<hair_color>brown</hair_color>
		<skin_color>light</skin_color>
		<eye_color>brown</eye_color>
		<birth_year>NA</birth_year>
		<Gender>female</Gender>
		<Homeworld>Naboo</Homeworld>
		<Specie>Human</Specie>
	</character>
	<character>
		<Name>Cliegg Lars</Name>
		<Height>183</Height>
		<Mass>NA</Mass>
		<hair_color>brown</hair_color>
		<skin_color>fair</skin_color>
		<eye_color>blue</eye_color>
		<birth_year>820</birth_year>
		<Gender>male</Gender>
		<Homeworld>Tatooine</Homeworld>
		<Specie>Human</Specie>
	</character>
	<character>
		<Name>Poggle the Lesser</Name>
		<Height>183</Height>
		<Mass>80</Mass>
		<hair_color>none</hair_color>
		<skin_color>green</skin_color>
		<eye_color>yellow</eye_color>
		<birth_year>NA</birth_year>
		<Gender>male</Gender>
		<Homeworld>Geonosis</Homeworld>
		<Specie>Geonosian</Specie>
	</character>
	<character>
		<Name>Luminara Unduli</Name>
		<Height>170</Height>
		<Mass>56</Mass>
		<hair_color>black</hair_color>
		<skin_color>yellow</skin_color>
		<eye_color>blue</eye_color>
		<birth_year>580</birth_year>
		<Gender>female</Gender>
		<Homeworld>Mirial</Homeworld>
		<Specie>Mirialan</Specie>
	</character>
	<character>
		<Name>Barriss Offee</Name>
		<Height>166</Height>
		<Mass>50</Mass>
		<hair_color>black</hair_color>
		<skin_color>yellow</skin_color>
		<eye_color>blue</eye_color>
		<birth_year>400</birth_year>
		<Gender>female</Gender>
		<Homeworld>Mirial</Homeworld>
		<Specie>Mirialan</Specie>
	</character>
	<character>
		<Name>Dormé</Name>
		<Height>165</Height>
		<Mass>NA</Mass>
		<hair_color>brown</hair_color>
		<skin_color>light</skin_color>
		<eye_color>brown</eye_color>
		<birth_year>NA</birth_year>
		<Gender>female</Gender>
		<Homeworld>Naboo</Homeworld>
		<Specie>Human</Specie>
	</character>
	<character>
		<Name>Dooku</Name>
		<Height>193</Height>
		<Mass>80</Mass>
		<hair_color>white</hair_color>
		<skin_color>fair</skin_color>
		<eye_color>brown</eye_color>
		<birth_year>1020</birth_year>
		<Gender>male</Gender>
		<Homeworld>Serenno</Homeworld>
		<Specie>Human</Specie>
	</character>
	<character>
		<Name>Bail Prestor Organa</Name>
		<Height>191</Height>
		<Mass>NA</Mass>
		<hair_color>black</hair_color>
		<skin_color>tan</skin_color>
		<eye_color>brown</eye_color>
		<birth_year>670</birth_year>
		<Gender>male</Gender>
		<Homeworld>Alderaan</Homeworld>
		<Specie>Human</Specie>
	</character>
	<character>
		<Name>Jango Fett</Name>
		<Height>183</Height>
		<Mass>79</Mass>
		<hair_color>black</hair_color>
		<skin_color>tan</skin_color>
		<eye_color>brown</eye_color>
		<birth_year>660</birth_year>
		<Gender>male</Gender>
		<Homeworld>Concord Dawn</Homeworld>
		<Specie>Human</Specie>
	</character>
	<character>
		<Name>Zam Wesell</Name>
		<Height>168</Height>
		<Mass>55</Mass>
		<hair_color>blonde</hair_color>
		<skin_color>fair, green, yellow</skin_color>
		<eye_color>yellow</eye_color>
		<birth_year>NA</birth_year>
		<Gender>female</Gender>
		<Homeworld>Zolan</Homeworld>
		<Specie>Clawdite</Specie>
	</character>
	<character>
		<Name>Dexter Jettster</Name>
		<Height>198</Height>
		<Mass>102</Mass>
		<hair_color>none</hair_color>
		<skin_color>brown</skin_color>
		<eye_color>yellow</eye_color>
		<birth_year>NA</birth_year>
		<Gender>male</Gender>
		<Homeworld>Ojom</Homeworld>
		<Specie>Besalisk</Specie>
	</character>
	<character>
		<Name>Lama Su</Name>
		<Height>229</Height>
		<Mass>88</Mass>
		<hair_color>none</hair_color>
		<skin_color>grey</skin_color>
		<eye_color>black</eye_color>
		<birth_year>NA</birth_year>
		<Gender>male</Gender>
		<Homeworld>Kamino</Homeworld>
		<Specie>Kaminoan</Specie>
	</character>
	<character>
		<Name>Taun We</Name>
		<Height>213</Height>
		<Mass>NA</Mass>
		<hair_color>none</hair_color>
		<skin_color>grey</skin_color>
		<eye_color>black</eye_color>
		<birth_year>NA</birth_year>
		<Gender>female</Gender>
		<Homeworld>Kamino</Homeworld>
		<Specie>Kaminoan</Specie>
	</character>
	<character>
		<Name>Jocasta Nu</Name>
		<Height>167</Height>
		<Mass>NA</Mass>
		<hair_color>white</hair_color>
		<skin_color>fair</skin_color>
		<eye_color>blue</eye_color>
		<birth_year>NA</birth_year>
		<Gender>female</Gender>
		<Homeworld>Coruscant</Homeworld>
		<Specie>Human</Specie>
	</character>
	<character>
		<Name>Ratts Tyerell</Name>
		<Height>79</Height>
		<Mass>15</Mass>
		<hair_color>none</hair_color>
		<skin_color>grey, blue</skin_color>
		<eye_color>NA</eye_color>
		<birth_year>NA</birth_year>
		<Gender>male</Gender>
		<Homeworld>Aleen Minor</Homeworld>
		<Specie>Aleena</Specie>
	</character>
	<character>
		<Name>R4-P17</Name>
		<Height>96</Height>
		<Mass>NA</Mass>
		<hair_color>none</hair_color>
		<skin_color>silver, red</skin_color>
		<eye_color>red, blue</eye_color>
		<birth_year>NA</birth_year>
		<Gender>female</Gender>
		<Homeworld>NA</Homeworld>
		<Specie>NA</Specie>
	</character>
	<character>
		<Name>Wat Tambor</Name>
		<Height>193</Height>
		<Mass>48</Mass>
		<hair_color>none</hair_color>
		<skin_color>green, grey</skin_color>
		<eye_color>NA</eye_color>
		<birth_year>NA</birth_year>
		<Gender>male</Gender>
		<Homeworld>Skako</Homeworld>
		<Specie>Skakoan</Specie>
	</character>
	<character>
		<Name>San Hill</Name>
		<Height>191</Height>
		<Mass>NA</Mass>
		<hair_color>none</hair_color>
		<skin_color>grey</skin_color>
		<eye_color>gold</eye_color>
		<birth_year>NA</birth_year>
		<Gender>male</Gender>
		<Homeworld>Muunilinst</Homeworld>
		<Specie>Muun</Specie>
	</character>
	<character>
		<Name>Shaak Ti</Name>
		<Height>178</Height>
		<Mass>57</Mass>
		<hair_color>none</hair_color>
		<skin_color>red, blue, white</skin_color>
		<eye_color>black</eye_color>
		<birth_year>NA</birth_year>
		<Gender>female</Gender>
		<Homeworld>Shili</Homeworld>
		<Specie>Togruta</Specie>
	</character>
	<character>
		<Name>Grievous</Name>
		<Height>216</Height>
		<Mass>159</Mass>
		<hair_color>none</hair_color>
		<skin_color>brown, white</skin_color>
		<eye_color>green, yellow</eye_color>
		<birth_year>NA</birth_year>
		<Gender>male</Gender>
		<Homeworld>Kalee</Homeworld>
		<Specie>Kaleesh</Specie>
	</character>
	<character>
		<Name>Tarfful</Name>
		<Height>234</Height>
		<Mass>136</Mass>
		<hair_color>brown</hair_color>
		<skin_color>brown</skin_color>
		<eye_color>blue</eye_color>
		<birth_year>NA</birth_year>
		<Gender>male</Gender>
		<Homeworld>Kashyyyk</Homeworld>
		<Specie>Wookiee</Specie>
	</character>
	<character>
		<Name>Raymus Antilles</Name>
		<Height>188</Height>
		<Mass>79</Mass>
		<hair_color>brown</hair_color>
		<skin_color>light</skin_color>
		<eye_color>brown</eye_color>
		<birth_year>NA</birth_year>
		<Gender>male</Gender>
		<Homeworld>Alderaan</Homeworld>
		<Specie>Human</Specie>
	</character>
	<character>
		<Name>Sly Moore</Name>
		<Height>178</Height>
		<Mass>48</Mass>
		<hair_color>none</hair_color>
		<skin_color>pale</skin_color>
		<eye_color>white</eye_color>
		<birth_year>NA</birth_year>
		<Gender>female</Gender>
		<Homeworld>Umbara</Homeworld>
		<Specie>NA</Specie>
	</character>
	<character>
		<Name>Tion Medon</Name>
		<Height>206</Height>
		<Mass>80</Mass>
		<hair_color>none</hair_color>
		<skin_color>grey</skin_color>
		<eye_color>black</eye_color>
		<birth_year>NA</birth_year>
		<Gender>male</Gender>
		<Homeworld>Utapau</Homeworld>
		<Specie>Pau'an</Specie>
	</character>
	<character>
		<Name>Finn</Name>
		<Height>NA</Height>
		<Mass>NA</Mass>
		<hair_color>black</hair_color>
		<skin_color>dark</skin_color>
		<eye_color>dark</eye_color>
		<birth_year>NA</birth_year>
		<Gender>male</Gender>
		<Homeworld>NA</Homeworld>
		<Specie>Human</Specie>
	</character>
	<character>
		<Name>Rey</Name>
		<Height>NA</Height>
		<Mass>NA</Mass>
		<hair_color>brown</hair_color>
		<skin_color>light</skin_color>
		<eye_color>hazel</eye_color>
		<birth_year>NA</birth_year>
		<Gender>female</Gender>
		<Homeworld>NA</Homeworld>
		<Specie>Human</Specie>
	</character>
	<character>
		<Name>Poe Dameron</Name>
		<Height>NA</Height>
		<Mass>NA</Mass>
		<hair_color>brown</hair_color>
		<skin_color>light</skin_color>
		<eye_color>brown</eye_color>
		<birth_year>NA</birth_year>
		<Gender>male</Gender>
		<Homeworld>NA</Homeworld>
		<Specie>Human</Specie>
	</character>
	<character>
		<Name>BB8</Name>
		<Height>NA</Height>
		<Mass>NA</Mass>
		<hair_color>none</hair_color>
		<skin_color>none</skin_color>
		<eye_color>black</eye_color>
		<birth_year>NA</birth_year>
		<Gender>none</Gender>
		<Homeworld>NA</Homeworld>
		<Specie>Droid</Specie>
	</character>
	<character>
		<Name>Captain Phasma</Name>
		<Height>NA</Height>
		<Mass>NA</Mass>
		<hair_color>NA</hair_color>
		<skin_color>NA</skin_color>
		<eye_color>NA</eye_color>
		<birth_year>NA</birth_year>
		<Gender>female</Gender>
		<Homeworld>NA</Homeworld>
		<Specie>NA</Specie>
	</character>
	<character>
		<Name>Padmé Amidala</Name>
		<Height>165</Height>
		<Mass>45</Mass>
		<hair_color>brown</hair_color>
		<skin_color>light</skin_color>
		<eye_color>brown</eye_color>
		<birth_year>460</birth_year>
		<Gender>female</Gender>
		<Homeworld>Naboo</Homeworld>
		<Specie>Human</Specie>
	</character>
</root>